{"cameraMode":{"drawMode":0,"name":"Shaded","section":"Shading Mode"},"sceneLighting":true,"audioPlay":false,"sceneViewState":{"showFog":true,"showMaterialUpdate":false,"showSkybox":true,"showFlares":true,"showImageEffects":true,"showParticleSystems":true},"in2DMode":false,"pivot":{"x":305.87469482421877,"y":452.6377868652344,"z":92.86016845703125},"rotation":{"x":-0.03080087900161743,"y":-0.20669513940811158,"z":0.006577298045158386,"w":-0.9779577255249023},"size":622.7238159179688,"orthographic":false}