{"cameraMode":{"drawMode":0,"name":"Shaded","section":"Shading Mode"},"sceneLighting":false,"audioPlay":false,"sceneViewState":{"showFog":true,"showMaterialUpdate":false,"showSkybox":false,"showFlares":true,"showImageEffects":true,"showParticleSystems":true},"in2DMode":false,"pivot":{"x":-8.235257148742676,"y":0.2887907028198242,"z":-4.299862861633301},"rotation":{"x":0.22253286838531495,"y":-0.21863502264022828,"z":0.05128518491983414,"w":0.9487118721008301},"size":1.6940797567367554,"orthographic":false}