{"cameraMode":{"drawMode":0,"name":"Shaded","section":"Shading Mode"},"sceneLighting":false,"audioPlay":false,"sceneViewState":{"showFog":true,"showMaterialUpdate":false,"showSkybox":false,"showFlares":true,"showImageEffects":true,"showParticleSystems":true},"in2DMode":false,"pivot":{"x":-1.9987943172454835,"y":1.7361804246902466,"z":2.043750286102295},"rotation":{"x":-0.07425209134817124,"y":-0.9145457148551941,"z":0.19635994732379914,"w":-0.3457886576652527},"size":1.8247449398040772,"orthographic":false}