{"cameraMode":{"drawMode":0,"name":"Shaded","section":"Shading Mode"},"sceneLighting":true,"audioPlay":false,"sceneViewState":{"showFog":true,"showMaterialUpdate":false,"showSkybox":false,"showFlares":true,"showImageEffects":true,"showParticleSystems":true},"in2DMode":false,"pivot":{"x":-4.679335117340088,"y":0.38247066736221316,"z":-4.5115485191345219},"rotation":{"x":0.28309589624404909,"y":-0.10761071741580963,"z":0.03198489174246788,"w":0.9525012373924255},"size":1.2979576587677003,"orthographic":false}