{"cameraMode":{"drawMode":0,"name":"Shaded","section":"Shading Mode"},"sceneLighting":true,"audioPlay":false,"sceneViewState":{"showFog":true,"showMaterialUpdate":false,"showSkybox":false,"showFlares":true,"showImageEffects":true,"showParticleSystems":true},"in2DMode":false,"pivot":{"x":-2.704463243484497,"y":4.0450263023376469,"z":-5.176945686340332},"rotation":{"x":-0.5522496700286865,"y":-0.3291514813899994,"z":0.2512098550796509,"w":-0.7235956192016602},"size":4.464263916015625,"orthographic":false}